model,accuracy,precision,recall,f1-score,avg_time_per_image
PyTorch_MOBILENETV2,0.09482758620689655,0.14457307060755337,0.09482758620689655,0.06059673085535155,0.03375300148437763
PyTorch_VGG16,0.896551724137931,0.9133092003781659,0.896551724137931,0.8956520281710094,0.03708047188561538
PyTorch_CNN,0.9568965517241379,0.9623802681992338,0.9568965517241379,0.9570659979055143,0.03138465819687679
TensorFlow_MOBILENETV2,0.9568965517241379,0.9589439655172415,0.9568965517241379,0.9556501547987616,0.1044822057773327
TensorFlow_VGG16,0.9655172413793104,0.9683777429467085,0.9655172413793104,0.9653525452830859,0.09105673740650046
TensorFlow_CNN,0.9612068965517241,0.9644864594218042,0.9612068965517241,0.9610422004554997,0.08402868694272535
